Customer ID,Age,Gender,Item Purchased,Purchase Amount (USD),Location,Size,Color,Season,Review Rating,Subscription Status,Payment Method,Shipping Type,Discount Applied,Promo Code Used,Previous Purchases,Preferred Payment Method,Frequency of Purchases
840,48,Male,Shirt,31,Illinois,L,Teal,Spring,2.6,Yes,Cash,Free Shipping,Yes,Yes,10,Debit Card,Every 3 Months
1718,29,Male,Hoodie,50,Hawaii,L,Orange,Summer,2.9,No,Cash,Express,No,No,16,Debit Card,Bi-Weekly
322,41,Male,Sneakers,36,Vermont,L,Orange,Summer,4.7,Yes,Credit Card,Free Shipping,Yes,Yes,48,Debit Card,Quarterly
3188,67,Female,Blouse,72,Texas,L,Indigo,Winter,3.2,No,Credit Card,Free Shipping,No,No,28,Debit Card,Weekly
2270,49,Male,Skirt,38,Kentucky,M,Yellow,Fall,4.4,No,Credit Card,Store Pickup,No,No,27,Credit Card,Annually
367,64,Male,Socks,36,Nebraska,M,Turquoise,Spring,3.5,Yes,Bank Transfer,Store Pickup,Yes,Yes,37,Venmo,Fortnightly
2645,25,Male,Pants,83,New Mexico,M,Turquoise,Spring,3.3,No,PayPal,Standard,No,No,4,Bank Transfer,Every 3 Months
1750,43,Male,Hoodie,70,Wyoming,L,Pink,Fall,3.2,No,Credit Card,2-Day Shipping,No,No,36,Debit Card,Every 3 Months
3606,68,Female,Jeans,41,Alabama,M,Gold,Fall,4.3,No,Venmo,Store Pickup,No,No,36,Bank Transfer,Every 3 Months
1097,57,Male,Coat,46,New Hampshire,S,Beige,Fall,2.6,No,Credit Card,Standard,Yes,Yes,48,Credit Card,Annually
2601,21,Male,Belt,83,New York,M,Gray,Fall,3.9,No,Debit Card,Express,No,No,6,Bank Transfer,Bi-Weekly
1660,53,Male,Gloves,37,Utah,M,Black,Fall,3.9,No,Bank Transfer,Next Day Air,Yes,Yes,44,Venmo,Annually
3888,40,Female,Shirt,34,Kansas,M,Charcoal,Spring,2.7,No,PayPal,Express,No,No,1,Credit Card,Quarterly
3498,35,Female,Handbag,48,Colorado,M,Red,Spring,4.3,No,PayPal,Store Pickup,No,No,16,Venmo,Every 3 Months
3653,27,Female,Handbag,29,Kentucky,S,Magenta,Fall,3.8,No,Venmo,Store Pickup,No,No,23,Debit Card,Monthly
1537,18,Male,Sunglasses,82,Michigan,M,Indigo,Summer,2.6,No,Cash,Store Pickup,Yes,Yes,17,Cash,Quarterly
2737,44,Female,Hoodie,25,Montana,M,Pink,Spring,4.8,No,PayPal,Store Pickup,No,No,45,Credit Card,Annually
15,64,Male,Coat,53,New York,L,Teal,Winter,4.7,Yes,PayPal,Free Shipping,Yes,Yes,34,Debit Card,Weekly
1026,60,Male,Shirt,84,Nebraska,M,Olive,Winter,4.9,Yes,Bank Transfer,Free Shipping,Yes,Yes,15,Credit Card,Annually
3255,21,Female,Sweater,31,Indiana,S,Magenta,Winter,4.9,No,Venmo,Store Pickup,No,No,11,Bank Transfer,Every 3 Months
2182,22,Male,Handbag,63,Hawaii,M,Black,Fall,3.2,No,Venmo,Free Shipping,No,No,32,Bank Transfer,Bi-Weekly
433,47,Male,Shirt,86,Indiana,S,Indigo,Fall,3.3,Yes,Debit Card,Free Shipping,Yes,Yes,26,Venmo,Weekly
2010,37,Male,Boots,99,Alabama,M,Indigo,Summer,3.8,No,Venmo,Next Day Air,No,No,26,Venmo,Bi-Weekly
865,51,Male,Jeans,59,Kentucky,S,Charcoal,Winter,3.9,Yes,PayPal,Next Day Air,Yes,Yes,5,PayPal,Annually
1957,70,Male,Socks,37,Oklahoma,M,Pink,Winter,4.9,No,Cash,Express,No,No,20,Credit Card,Fortnightly
323,41,Male,Belt,95,Tennessee,S,Cyan,Winter,3,Yes,Credit Card,Standard,Yes,Yes,47,Credit Card,Monthly
2400,55,Male,Dress,44,New Hampshire,L,Beige,Spring,3.2,No,Debit Card,Store Pickup,No,No,31,Cash,Monthly
3832,36,Female,Backpack,86,Nevada,L,Silver,Spring,4,No,Venmo,Next Day Air,No,No,16,Debit Card,Every 3 Months
1118,25,Male,Sunglasses,77,California,L,Lavender,Spring,4.5,No,PayPal,Store Pickup,Yes,Yes,24,Credit Card,Monthly
3130,60,Female,Sandals,20,Maryland,S,Cyan,Summer,4.7,No,PayPal,Express,No,No,40,Venmo,Every 3 Months
2515,42,Male,Hat,37,Alaska,L,Teal,Spring,4.8,No,Debit Card,Free Shipping,No,No,45,PayPal,Bi-Weekly
2579,54,Male,Sunglasses,48,Vermont,M,Purple,Fall,3.9,No,Bank Transfer,Free Shipping,No,No,3,Cash,Quarterly
33,36,Male,Jacket,67,Kansas,M,Silver,Summer,4.9,Yes,Bank Transfer,Free Shipping,Yes,Yes,37,Venmo,Annually
1147,48,Male,Sneakers,38,Wisconsin,M,Indigo,Summer,4.2,No,Debit Card,Standard,Yes,Yes,7,Bank Transfer,Every 3 Months
2356,22,Male,Skirt,35,Tennessee,S,Purple,Winter,4.1,No,PayPal,Next Day Air,No,No,12,Cash,Monthly
3221,38,Female,Handbag,29,North Dakota,M,Blue,Fall,4.1,No,PayPal,Free Shipping,No,No,16,Cash,Monthly
1962,47,Male,Boots,59,Nevada,L,Black,Summer,2.6,No,Cash,Free Shipping,No,No,45,Debit Card,Quarterly
3706,28,Female,Skirt,65,Colorado,L,Teal,Summer,3.2,No,PayPal,Free Shipping,No,No,2,Debit Card,Annually
2668,48,Female,Boots,47,Maryland,M,Orange,Summer,4.1,No,Venmo,Free Shipping,No,No,31,Cash,Fortnightly
3578,66,Female,Belt,35,Missouri,S,Yellow,Winter,2.6,No,PayPal,Standard,No,No,13,Bank Transfer,Weekly
3854,61,Female,Sunglasses,76,Tennessee,M,Lavender,Fall,4,No,Bank Transfer,Store Pickup,No,No,49,Debit Card,Bi-Weekly
2859,34,Female,Jeans,87,Maryland,L,Teal,Summer,3.8,No,Cash,2-Day Shipping,No,No,46,Bank Transfer,Monthly
150,38,Male,Pants,76,Delaware,M,White,Summer,3.2,Yes,Venmo,Free Shipping,Yes,Yes,14,PayPal,Monthly
1887,18,Male,Gloves,91,Arkansas,L,Beige,Spring,4.4,No,Cash,Next Day Air,No,No,46,Cash,Bi-Weekly
872,47,Male,Handbag,42,Hawaii,M,Charcoal,Spring,2.6,Yes,Bank Transfer,Next Day Air,Yes,Yes,45,Debit Card,Quarterly
1399,30,Male,Dress,45,Texas,M,Cyan,Summer,2.5,No,Bank Transfer,Free Shipping,Yes,Yes,25,Credit Card,Weekly
2438,43,Male,Sneakers,59,Wyoming,XL,Magenta,Winter,3.4,No,Credit Card,Store Pickup,No,No,34,Credit Card,Weekly
1966,67,Male,Sweater,90,Indiana,M,White,Fall,4.9,No,Venmo,Express,No,No,25,Debit Card,Quarterly
1042,36,Male,Shirt,25,Minnesota,M,Orange,Summer,4.9,Yes,Venmo,Next Day Air,Yes,Yes,11,Cash,Fortnightly
786,46,Male,Shorts,62,Louisiana,S,Purple,Spring,4,Yes,Bank Transfer,Next Day Air,Yes,Yes,37,PayPal,Fortnightly
2856,29,Female,Boots,95,Mississippi,S,Maroon,Winter,3.8,No,Debit Card,2-Day Shipping,No,No,33,PayPal,Quarterly
1511,55,Male,Blouse,30,Maryland,XL,Gray,Fall,3,No,Credit Card,Free Shipping,Yes,Yes,31,Venmo,Annually
1425,66,Male,Jacket,23,Connecticut,S,Indigo,Fall,3.5,No,Cash,Standard,Yes,Yes,34,Bank Transfer,Every 3 Months
2246,49,Male,Socks,90,Delaware,L,Gray,Fall,4.9,No,Venmo,Free Shipping,No,No,45,PayPal,Fortnightly
1415,29,Male,Socks,51,Minnesota,M,Black,Summer,4.5,No,Debit Card,Store Pickup,Yes,Yes,3,Credit Card,Bi-Weekly
1624,64,Male,Backpack,58,Indiana,M,Cyan,Summer,3.5,No,Venmo,Next Day Air,Yes,Yes,50,Debit Card,Annually
1236,23,Male,Sweater,22,Idaho,M,Red,Spring,3,No,Bank Transfer,Store Pickup,Yes,Yes,46,PayPal,Every 3 Months
3011,70,Female,Belt,45,Ohio,M,Violet,Winter,3.3,No,Bank Transfer,Free Shipping,No,No,15,Credit Card,Annually
3099,66,Female,Pants,64,New Mexico,L,Cyan,Summer,3.3,No,Bank Transfer,Next Day Air,No,No,50,Bank Transfer,Quarterly
1692,64,Male,Shoes,61,Connecticut,L,Blue,Summer,3.5,No,Credit Card,Next Day Air,No,No,4,Cash,Annually
2692,43,Female,Pants,25,Nebraska,L,Blue,Winter,3.3,No,Bank Transfer,2-Day Shipping,No,No,48,Cash,Monthly
2334,33,Male,Shirt,77,Kansas,M,Beige,Spring,3.8,No,Cash,Next Day Air,No,No,1,PayPal,Every 3 Months
2217,41,Male,Pants,36,Vermont,XL,Silver,Winter,4,No,Credit Card,Store Pickup,No,No,15,Venmo,Bi-Weekly
2520,40,Male,Jacket,90,Michigan,L,Magenta,Spring,4.9,No,Credit Card,Standard,No,No,21,Credit Card,Quarterly
552,29,Male,Coat,78,Idaho,XL,Green,Fall,3.1,Yes,Venmo,2-Day Shipping,Yes,Yes,27,Cash,Bi-Weekly
1816,51,Male,Shoes,72,New Mexico,L,White,Winter,4.5,No,Venmo,2-Day Shipping,No,No,48,Credit Card,Every 3 Months
1673,18,Male,Boots,73,South Carolina,L,Gold,Fall,3.8,No,Debit Card,Free Shipping,Yes,Yes,15,Venmo,Quarterly
3272,35,Female,Socks,55,Nevada,XL,Magenta,Spring,4.4,No,Debit Card,Standard,No,No,30,Credit Card,Weekly
1048,31,Male,Socks,36,Utah,S,Olive,Fall,4.2,Yes,Debit Card,Standard,Yes,Yes,7,Credit Card,Fortnightly
2184,30,Male,Shorts,37,Kansas,M,Maroon,Spring,4.7,No,PayPal,Store Pickup,No,No,2,Cash,Monthly
1453,60,Male,Jacket,25,Colorado,L,Blue,Spring,4.7,No,Venmo,2-Day Shipping,Yes,Yes,11,Bank Transfer,Quarterly
2801,70,Female,Shirt,76,Arkansas,L,Violet,Fall,3.4,No,PayPal,Free Shipping,No,No,14,Cash,Bi-Weekly
3702,46,Female,Sandals,66,New Mexico,M,Charcoal,Spring,4.5,No,Cash,Store Pickup,No,No,36,Cash,Annually
2019,60,Male,Backpack,97,Arkansas,S,Gold,Fall,4.5,No,Debit Card,Store Pickup,No,No,20,Bank Transfer,Weekly
394,33,Male,Shoes,65,Vermont,L,Maroon,Fall,4.2,Yes,Credit Card,Standard,Yes,Yes,6,PayPal,Fortnightly
930,59,Male,Boots,94,Nebraska,M,White,Fall,4.5,Yes,Venmo,2-Day Shipping,Yes,Yes,26,Debit Card,Fortnightly
1654,31,Male,Belt,93,Colorado,L,Silver,Winter,3,No,Venmo,2-Day Shipping,Yes,Yes,29,Debit Card,Bi-Weekly
2867,54,Female,Blouse,75,Connecticut,S,Violet,Summer,3.1,No,Venmo,Free Shipping,No,No,19,Cash,Annually
938,32,Male,Shorts,24,Iowa,M,Magenta,Summer,2.7,Yes,Debit Card,Express,Yes,Yes,18,Venmo,Quarterly
2203,42,Male,Dress,36,Alabama,M,Red,Summer,4.3,No,PayPal,Next Day Air,No,No,23,Credit Card,Weekly
1188,56,Male,Hat,89,Iowa,L,Maroon,Fall,3,No,Cash,Express,Yes,Yes,37,Credit Card,Every 3 Months
1916,51,Male,Backpack,74,Alabama,M,Magenta,Fall,4.7,No,PayPal,2-Day Shipping,No,No,44,Cash,Weekly
326,70,Male,Pants,70,Vermont,M,Charcoal,Winter,4.3,Yes,Debit Card,Free Shipping,Yes,Yes,38,Debit Card,Annually
3123,23,Female,Socks,45,Georgia,M,Pink,Fall,3,No,Debit Card,Express,No,No,34,Credit Card,Fortnightly
1917,26,Male,Hoodie,50,Connecticut,S,Beige,Winter,3,No,PayPal,Next Day Air,No,No,3,Debit Card,Bi-Weekly
1285,65,Male,Dress,93,Arkansas,M,Black,Spring,3.9,No,Bank Transfer,Express,Yes,Yes,38,PayPal,Fortnightly
1002,61,Male,Dress,60,Washington,M,Orange,Fall,3.6,Yes,Credit Card,Standard,Yes,Yes,4,Debit Card,Fortnightly
565,67,Male,Hoodie,58,Florida,M,Olive,Winter,3.4,Yes,Cash,Next Day Air,Yes,Yes,30,Bank Transfer,Weekly
3072,23,Female,Sweater,41,New Hampshire,L,Turquoise,Spring,3.4,No,Debit Card,Next Day Air,No,No,6,PayPal,Monthly
3645,35,Female,Blouse,32,Arkansas,M,Violet,Winter,2.6,No,Cash,Next Day Air,No,No,18,Venmo,Weekly
2642,25,Male,Sunglasses,60,Vermont,XL,Olive,Winter,2.7,No,Debit Card,Next Day Air,No,No,20,Bank Transfer,Every 3 Months
811,52,Male,Scarf,83,South Dakota,S,Lavender,Fall,4.9,Yes,Debit Card,Store Pickup,Yes,Yes,32,Debit Card,Bi-Weekly
2277,31,Male,Jeans,82,Wyoming,L,Red,Summer,4.1,No,Bank Transfer,2-Day Shipping,No,No,25,Debit Card,Weekly
3037,50,Female,Hoodie,58,Vermont,S,Violet,Spring,4.3,No,PayPal,Next Day Air,No,No,7,Venmo,Fortnightly
1551,66,Male,Sunglasses,26,Arkansas,S,Black,Summer,2.8,No,Debit Card,Free Shipping,Yes,Yes,40,Bank Transfer,Quarterly
3770,51,Female,Gloves,87,Arizona,L,Green,Summer,3.6,No,Cash,Standard,No,No,31,Venmo,Annually
574,58,Male,Pants,68,California,M,Charcoal,Summer,3.2,Yes,Cash,2-Day Shipping,Yes,Yes,23,Credit Card,Bi-Weekly
3798,68,Female,Sunglasses,44,California,M,Gray,Summer,2.5,No,Venmo,Next Day Air,No,No,20,Cash,Quarterly
3838,45,Female,Hoodie,100,New Mexico,M,Green,Spring,4.8,No,Debit Card,Free Shipping,No,No,33,Bank Transfer,Fortnightly
949,49,Male,Hat,90,Alabama,L,Olive,Summer,4.9,Yes,Venmo,Express,Yes,Yes,11,Venmo,Every 3 Months
656,20,Male,Handbag,36,Mississippi,S,Purple,Fall,3.1,Yes,Debit Card,Free Shipping,Yes,Yes,19,Venmo,Monthly
3450,48,Female,Blouse,37,Kansas,M,Brown,Spring,4.5,No,PayPal,Standard,No,No,35,Cash,Monthly
753,39,Male,Scarf,85,Ohio,L,Yellow,Fall,4.2,Yes,Cash,2-Day Shipping,Yes,Yes,17,PayPal,Every 3 Months
2011,24,Male,Sweater,21,Texas,M,Maroon,Summer,4.4,No,Venmo,2-Day Shipping,No,No,3,Debit Card,Bi-Weekly
2339,66,Male,Sneakers,68,Georgia,S,Silver,Fall,4,No,PayPal,Express,No,No,21,PayPal,Quarterly
894,33,Male,Backpack,51,Nebraska,M,Red,Spring,4.7,Yes,Debit Card,Express,Yes,Yes,14,Venmo,Monthly
3690,47,Female,Jewelry,30,South Carolina,L,Red,Fall,4.5,No,Cash,Standard,No,No,8,Bank Transfer,Quarterly
1955,26,Male,Gloves,77,Colorado,M,Pink,Winter,4.2,No,Bank Transfer,Free Shipping,No,No,3,Venmo,Quarterly
3545,64,Female,Socks,55,Wisconsin,XL,Charcoal,Fall,3.6,No,PayPal,2-Day Shipping,No,No,42,Cash,Every 3 Months
3336,44,Female,Hat,94,Texas,XL,Cyan,Winter,3.5,No,Credit Card,Express,No,No,48,Bank Transfer,Quarterly
9,26,Male,Coat,97,West Virginia,L,Silver,Summer,2.6,Yes,Venmo,Express,Yes,Yes,8,Venmo,Annually
3173,57,Female,Socks,52,Missouri,M,Olive,Fall,3.7,No,Venmo,Standard,No,No,30,Debit Card,Bi-Weekly
1657,21,Male,Blouse,42,Indiana,L,Brown,Spring,2.6,No,Credit Card,2-Day Shipping,Yes,Yes,41,PayPal,Every 3 Months
870,38,Male,Hat,54,New Hampshire,M,Silver,Spring,2.7,Yes,PayPal,2-Day Shipping,Yes,Yes,33,PayPal,Weekly
197,38,Male,Boots,88,Washington,M,Lavender,Summer,3.9,Yes,Cash,Next Day Air,Yes,Yes,41,Credit Card,Fortnightly
2045,49,Male,Jeans,68,Missouri,L,Orange,Spring,3,No,Cash,Free Shipping,No,No,17,PayPal,Fortnightly
1865,19,Male,Backpack,72,Wyoming,S,Cyan,Fall,3.2,No,Bank Transfer,2-Day Shipping,No,No,21,Venmo,Quarterly
230,70,Male,Sandals,28,Ohio,S,Silver,Spring,4.6,Yes,Cash,Next Day Air,Yes,Yes,27,PayPal,Every 3 Months
2709,57,Female,Dress,94,Alabama,M,Teal,Summer,3.3,No,Debit Card,Store Pickup,No,No,44,Debit Card,Weekly
1357,49,Male,Jacket,61,Indiana,M,Cyan,Spring,4,No,Debit Card,Free Shipping,Yes,Yes,34,Bank Transfer,Annually
71,22,Male,Belt,29,Alabama,M,Magenta,Fall,4.2,Yes,Credit Card,Express,Yes,Yes,32,Debit Card,Every 3 Months
185,32,Male,Sneakers,33,Hawaii,L,Cyan,Spring,3,Yes,Cash,Express,Yes,Yes,40,Cash,Fortnightly
1870,18,Male,Blouse,77,West Virginia,S,Beige,Spring,3.9,No,PayPal,2-Day Shipping,No,No,16,Debit Card,Every 3 Months
3394,60,Female,Dress,90,Arizona,M,Gold,Fall,3.1,No,PayPal,Next Day Air,No,No,50,Debit Card,Monthly
1557,43,Male,Hoodie,57,Alabama,M,Gold,Fall,2.7,No,Venmo,Standard,Yes,Yes,26,Credit Card,Quarterly
180,64,Male,Boots,31,Illinois,M,Violet,Fall,4.9,Yes,Debit Card,Store Pickup,Yes,Yes,9,Bank Transfer,Fortnightly
1883,44,Male,Scarf,54,Tennessee,L,Blue,Winter,5,No,Debit Card,Store Pickup,No,No,25,Bank Transfer,Quarterly
1227,53,Male,Sandals,91,Ohio,S,Cyan,Fall,3.4,No,PayPal,Store Pickup,Yes,Yes,18,Venmo,Bi-Weekly
2326,44,Male,Boots,55,New York,M,Charcoal,Summer,4.4,No,Debit Card,2-Day Shipping,No,No,47,Cash,Weekly
3016,37,Female,Scarf,21,Wyoming,XL,Lavender,Spring,2.8,No,Venmo,Express,No,No,27,Bank Transfer,Bi-Weekly
1787,45,Male,Jacket,34,Maryland,M,Brown,Spring,4.6,No,Debit Card,2-Day Shipping,No,No,22,Venmo,Monthly
2300,64,Male,Coat,57,Idaho,M,Violet,Summer,3.7,No,Debit Card,Store Pickup,No,No,48,Credit Card,Every 3 Months
719,22,Male,Shirt,22,Florida,M,Peach,Summer,4.6,Yes,Bank Transfer,Standard,Yes,Yes,25,Bank Transfer,Annually
3200,59,Female,Handbag,40,Maine,XL,Pink,Winter,4.2,No,PayPal,Express,No,No,16,PayPal,Monthly
409,34,Male,Sneakers,66,Alabama,L,White,Spring,3.4,Yes,Credit Card,Express,Yes,Yes,36,Cash,Fortnightly
1559,35,Male,Sunglasses,75,New Mexico,XL,Teal,Fall,3.5,No,Credit Card,Express,Yes,Yes,24,Credit Card,Every 3 Months
3763,65,Female,Shorts,94,New York,L,Green,Fall,2.9,No,Venmo,Store Pickup,No,No,13,PayPal,Annually
3875,70,Female,Sweater,54,Nevada,XL,Beige,Summer,3.9,No,Cash,2-Day Shipping,No,No,33,Credit Card,Bi-Weekly
94,37,Male,Sweater,62,Florida,M,Purple,Fall,4.5,Yes,PayPal,Standard,Yes,Yes,46,Credit Card,Weekly
2272,29,Male,Dress,99,Alaska,M,Green,Summer,3.4,No,Cash,Free Shipping,No,No,49,PayPal,Quarterly
1243,56,Male,Socks,27,Nevada,M,Lavender,Summer,4,No,Bank Transfer,Next Day Air,Yes,Yes,15,Bank Transfer,Quarterly
2304,51,Male,Sunglasses,71,New Jersey,S,Beige,Spring,4.8,No,Bank Transfer,2-Day Shipping,No,No,31,Credit Card,Fortnightly
2986,46,Female,Belt,36,Hawaii,S,Teal,Summer,3,No,Venmo,Express,No,No,21,Cash,Bi-Weekly
1984,59,Male,Scarf,97,Georgia,M,Pink,Summer,2.6,No,Credit Card,Next Day Air,No,No,21,Debit Card,Quarterly
1232,66,Male,Socks,79,Pennsylvania,M,Gold,Spring,4,No,Credit Card,2-Day Shipping,Yes,Yes,43,Credit Card,Fortnightly
411,29,Male,Sweater,26,Virginia,L,Lavender,Spring,4.8,Yes,Debit Card,2-Day Shipping,Yes,Yes,1,Credit Card,Quarterly
2416,21,Male,Coat,34,Hawaii,XL,Lavender,Fall,4.3,No,Cash,Standard,No,No,30,Bank Transfer,Weekly
1074,22,Male,Scarf,96,California,XL,Purple,Spring,4,No,Cash,Store Pickup,Yes,Yes,33,Credit Card,Monthly
241,47,Male,Sweater,45,Montana,XL,Turquoise,Winter,3.5,Yes,Credit Card,Free Shipping,Yes,Yes,29,Bank Transfer,Fortnightly
1109,27,Male,Shorts,25,Nebraska,M,Teal,Fall,2.8,No,Venmo,Standard,Yes,Yes,50,Cash,Fortnightly
1403,62,Male,Sunglasses,21,North Dakota,L,White,Summer,3.1,No,Bank Transfer,Express,Yes,Yes,47,PayPal,Monthly
1075,48,Male,Jewelry,71,Tennessee,S,White,Fall,2.6,No,PayPal,Standard,Yes,Yes,45,Bank Transfer,Fortnightly
1719,54,Male,T-shirt,96,Maryland,L,Pink,Winter,3.4,No,Cash,2-Day Shipping,No,No,14,PayPal,Every 3 Months
3436,68,Female,Socks,91,Montana,M,Beige,Summer,2.7,No,Debit Card,2-Day Shipping,No,No,50,Debit Card,Bi-Weekly
319,45,Male,Backpack,67,South Dakota,M,Beige,Winter,2.5,Yes,PayPal,Standard,Yes,Yes,10,Cash,Annually
2447,38,Male,Shirt,65,Alaska,L,Peach,Spring,2.9,No,Cash,2-Day Shipping,No,No,7,Credit Card,Monthly
1335,46,Male,Coat,52,West Virginia,S,White,Spring,4.2,No,Debit Card,Store Pickup,Yes,Yes,12,Venmo,Monthly
950,33,Male,Jeans,36,Montana,M,Olive,Summer,3.4,Yes,Cash,Standard,Yes,Yes,49,Venmo,Monthly
512,61,Male,Shirt,46,Hawaii,L,Yellow,Fall,3.1,Yes,Debit Card,Free Shipping,Yes,Yes,8,PayPal,Annually
2125,47,Male,Skirt,60,Rhode Island,M,Teal,Fall,4.2,No,Venmo,Next Day Air,No,No,22,Venmo,Quarterly
2982,21,Female,Pants,36,Delaware,L,Pink,Winter,4.9,No,PayPal,Standard,No,No,37,Venmo,Annually
812,18,Male,Sneakers,35,Illinois,M,Green,Winter,2.7,Yes,Debit Card,Free Shipping,Yes,Yes,36,Venmo,Quarterly
1949,54,Male,T-shirt,37,Connecticut,L,Brown,Winter,3.1,No,Debit Card,Next Day Air,No,No,39,PayPal,Bi-Weekly
1790,52,Male,Blouse,34,Arizona,L,Peach,Spring,3,No,PayPal,2-Day Shipping,No,No,43,Debit Card,Quarterly
439,52,Male,Belt,23,Iowa,M,Turquoise,Winter,4.3,Yes,Cash,Express,Yes,Yes,12,Credit Card,Fortnightly
1289,66,Male,Belt,93,South Dakota,XL,Charcoal,Winter,4.1,No,Venmo,Standard,Yes,Yes,34,PayPal,Bi-Weekly
1175,42,Male,Backpack,31,Michigan,M,Black,Winter,4.3,No,Cash,Express,Yes,Yes,19,Bank Transfer,Bi-Weekly
595,35,Male,Hoodie,83,Oklahoma,S,Brown,Winter,2.5,Yes,Cash,Next Day Air,Yes,Yes,6,Debit Card,Monthly
2777,46,Female,Scarf,62,Wyoming,L,Green,Fall,2.9,No,Debit Card,Free Shipping,No,No,6,Bank Transfer,Annually
121,64,Male,Hat,84,West Virginia,L,Red,Summer,4,Yes,PayPal,Express,Yes,Yes,32,Bank Transfer,Annually
2167,31,Male,Jacket,88,New Jersey,S,Purple,Spring,3.5,No,Venmo,Express,No,No,50,Credit Card,Bi-Weekly
2581,43,Male,Jeans,29,Massachusetts,S,Turquoise,Summer,3.6,No,Cash,Store Pickup,No,No,13,Bank Transfer,Quarterly
3346,28,Female,Handbag,91,Florida,M,Turquoise,Summer,4,No,Cash,2-Day Shipping,No,No,3,Venmo,Bi-Weekly
1437,35,Male,Sneakers,83,Minnesota,M,Gray,Winter,3.7,No,Venmo,Free Shipping,Yes,Yes,23,PayPal,Fortnightly
1612,41,Male,Pants,26,Arkansas,L,Yellow,Winter,4.5,No,PayPal,Next Day Air,Yes,Yes,6,Debit Card,Monthly
3664,65,Female,Backpack,59,Florida,M,Green,Summer,4.4,No,Cash,Express,No,No,49,Credit Card,Weekly
3882,56,Female,Scarf,25,Georgia,L,Silver,Spring,2.8,No,PayPal,2-Day Shipping,No,No,17,Debit Card,Weekly
1129,56,Male,Gloves,30,New York,L,Charcoal,Winter,4.7,No,PayPal,Next Day Air,Yes,Yes,35,Debit Card,Monthly
3712,69,Female,Hat,62,Texas,XL,Peach,Fall,3.2,No,Cash,Free Shipping,No,No,33,Cash,Annually
18,53,Male,Dress,38,Mississippi,XL,Lavender,Winter,4.7,Yes,Debit Card,2-Day Shipping,Yes,Yes,36,Venmo,Quarterly
1229,55,Male,Jacket,55,Indiana,S,Yellow,Winter,3.9,No,Venmo,Express,Yes,Yes,1,Cash,Annually
1481,39,Male,Jewelry,74,New Hampshire,M,Gold,Fall,3.6,No,Cash,Express,Yes,Yes,26,Cash,Quarterly
212,69,Male,Skirt,92,South Dakota,L,Maroon,Fall,4.2,Yes,Venmo,2-Day Shipping,Yes,Yes,45,Debit Card,Fortnightly
539,27,Male,Socks,22,Virginia,XL,Green,Spring,3.2,Yes,PayPal,Free Shipping,Yes,Yes,43,Cash,Weekly
1447,63,Male,Jeans,35,Wyoming,XL,Red,Summer,3.2,No,Debit Card,Express,Yes,Yes,6,Credit Card,Quarterly
271,33,Male,Jeans,52,North Dakota,XL,Orange,Fall,4.6,Yes,Debit Card,Free Shipping,Yes,Yes,16,Bank Transfer,Annually
3900,52,Female,Handbag,81,California,M,Beige,Spring,3.1,No,Bank Transfer,Store Pickup,No,No,33,Venmo,Quarterly
2501,59,Male,Gloves,84,Massachusetts,M,Violet,Fall,2.9,No,Credit Card,Store Pickup,No,No,32,Cash,Bi-Weekly
1111,28,Male,Hoodie,61,Texas,L,Cyan,Fall,3,No,Debit Card,Standard,Yes,Yes,31,Cash,Bi-Weekly
965,42,Male,Sandals,51,Arizona,M,Beige,Spring,2.6,Yes,Bank Transfer,Next Day Air,Yes,Yes,12,Venmo,Bi-Weekly
1994,32,Male,Blouse,96,Arkansas,S,Purple,Spring,5,No,Cash,Express,No,No,17,Cash,Weekly
3426,38,Female,Hat,54,Michigan,M,Blue,Summer,4.3,No,Bank Transfer,Next Day Air,No,No,3,Debit Card,Bi-Weekly
355,58,Male,Jewelry,76,Pennsylvania,S,Olive,Fall,3,Yes,PayPal,Free Shipping,Yes,Yes,42,Venmo,Weekly
3718,45,Female,T-shirt,85,Maryland,XL,White,Summer,4.2,No,Venmo,Express,No,No,47,Bank Transfer,Every 3 Months
1221,67,Male,Gloves,64,Kentucky,M,Green,Winter,4.9,No,Bank Transfer,Express,Yes,Yes,36,Bank Transfer,Quarterly
2793,54,Female,Shorts,44,Kentucky,L,Violet,Winter,3.2,No,Debit Card,Express,No,No,11,Credit Card,Weekly
1611,20,Male,Socks,31,Tennessee,L,Purple,Spring,3.4,No,Credit Card,2-Day Shipping,Yes,Yes,1,PayPal,Annually
1958,68,Male,Gloves,54,South Carolina,M,Cyan,Spring,4.5,No,Venmo,Store Pickup,No,No,26,Cash,Bi-Weekly
316,66,Male,Jewelry,24,Wisconsin,XL,Orange,Spring,4.5,Yes,Venmo,Express,Yes,Yes,24,Debit Card,Annually
3772,21,Female,T-shirt,86,Oklahoma,M,Red,Winter,2.6,No,Bank Transfer,Express,No,No,28,Venmo,Bi-Weekly
3334,55,Female,Jeans,35,Minnesota,M,Violet,Spring,4.2,No,Debit Card,Express,No,No,3,PayPal,Monthly
466,54,Male,Skirt,88,Oklahoma,M,Pink,Summer,2.8,Yes,Cash,Next Day Air,Yes,Yes,25,Cash,Quarterly
110,58,Male,T-shirt,85,Alabama,M,Violet,Spring,2.6,Yes,Cash,Next Day Air,Yes,Yes,43,Bank Transfer,Fortnightly
1193,49,Male,Coat,56,Florida,M,Turquoise,Summer,4,No,PayPal,2-Day Shipping,Yes,Yes,42,Venmo,Quarterly
2530,34,Male,Gloves,62,Tennessee,M,Magenta,Spring,4.7,No,Cash,Next Day Air,No,No,48,Bank Transfer,Monthly
1922,47,Male,Shirt,36,Michigan,M,Green,Fall,3.5,No,Cash,Store Pickup,No,No,13,Venmo,Annually
2067,64,Male,Sneakers,92,Illinois,M,Olive,Fall,4.7,No,Credit Card,Store Pickup,No,No,44,Debit Card,Fortnightly
1432,39,Male,Pants,88,South Dakota,M,Cyan,Fall,2.9,No,Bank Transfer,Express,Yes,Yes,29,Venmo,Quarterly
496,33,Male,Handbag,36,Michigan,XL,Cyan,Fall,3.3,Yes,Credit Card,Free Shipping,Yes,Yes,6,Debit Card,Fortnightly
52,59,Male,Skirt,59,Vermont,XL,Gray,Winter,4.7,Yes,PayPal,2-Day Shipping,Yes,Yes,7,Credit Card,Quarterly
1158,37,Male,Belt,66,Maryland,M,Charcoal,Fall,4.4,No,Credit Card,Standard,Yes,Yes,11,Cash,Quarterly
1290,35,Male,Jacket,24,New Hampshire,M,Red,Fall,2.9,No,Debit Card,Next Day Air,Yes,Yes,10,PayPal,Weekly
1619,63,Male,Sandals,72,Michigan,L,Purple,Summer,5,No,Venmo,Standard,Yes,Yes,39,Debit Card,Quarterly
74,48,Male,Pants,85,Hawaii,M,Teal,Spring,2.7,Yes,Debit Card,Free Shipping,Yes,Yes,43,Bank Transfer,Bi-Weekly
2097,21,Male,Dress,52,North Carolina,L,Blue,Summer,4.7,No,Debit Card,Free Shipping,No,No,27,Debit Card,Annually
3685,29,Female,Skirt,86,Pennsylvania,L,Charcoal,Spring,4.4,No,PayPal,Free Shipping,No,No,47,Credit Card,Bi-Weekly
3245,65,Female,Sweater,81,Arkansas,M,Black,Fall,4.7,No,Bank Transfer,Express,No,No,42,Credit Card,Annually
1979,45,Male,Sunglasses,78,Massachusetts,L,Magenta,Spring,3.8,No,Cash,Store Pickup,No,No,1,Cash,Quarterly
799,29,Male,Socks,39,Alaska,M,Violet,Spring,3.8,Yes,Cash,2-Day Shipping,Yes,Yes,48,PayPal,Every 3 Months
2499,18,Male,Coat,39,Massachusetts,S,Green,Fall,2.6,No,Cash,Next Day Air,No,No,38,Cash,Fortnightly
2226,38,Male,Belt,64,Washington,S,Olive,Spring,4.8,No,Credit Card,Free Shipping,No,No,18,Credit Card,Annually
1124,36,Male,Hat,67,Massachusetts,S,Purple,Fall,2.5,No,Debit Card,Store Pickup,Yes,Yes,38,Cash,Monthly
3503,31,Female,Backpack,62,Massachusetts,M,Green,Fall,4.7,No,Bank Transfer,Next Day Air,No,No,26,Bank Transfer,Quarterly
299,69,Male,T-shirt,53,Maryland,M,Lavender,Winter,4,Yes,Cash,Standard,Yes,Yes,11,Venmo,Every 3 Months
3380,61,Female,Handbag,51,Tennessee,L,Turquoise,Summer,5,No,Debit Card,Store Pickup,No,No,40,Cash,Weekly
1733,45,Male,Belt,50,Rhode Island,S,Charcoal,Winter,2.6,No,Cash,Free Shipping,No,No,36,Cash,Every 3 Months
491,57,Male,Sneakers,42,Colorado,M,Silver,Winter,4.2,Yes,PayPal,2-Day Shipping,Yes,Yes,47,Cash,Monthly
2024,46,Male,Socks,68,Idaho,S,Teal,Winter,4.1,No,Bank Transfer,Store Pickup,No,No,28,Cash,Bi-Weekly
3644,53,Female,Scarf,96,Tennessee,XL,Magenta,Fall,3.2,No,Bank Transfer,Standard,No,No,47,Debit Card,Annually
158,36,Male,Hat,68,Vermont,S,Yellow,Fall,3,Yes,Debit Card,Next Day Air,Yes,Yes,1,Bank Transfer,Fortnightly
2393,40,Male,Jeans,62,Missouri,L,Silver,Spring,2.6,No,Cash,2-Day Shipping,No,No,36,Cash,Annually
292,57,Male,Dress,26,Delaware,XL,Violet,Fall,3.3,Yes,Credit Card,Next Day Air,Yes,Yes,40,Bank Transfer,Monthly
3087,47,Female,Handbag,73,Utah,M,Lavender,Summer,3.5,No,Debit Card,Next Day Air,No,No,26,Venmo,Every 3 Months
53,42,Male,T-shirt,20,Alaska,M,Green,Summer,2.6,Yes,Credit Card,Free Shipping,Yes,Yes,26,Credit Card,Weekly
1160,66,Male,Handbag,55,New Hampshire,L,Blue,Fall,3.6,No,Debit Card,2-Day Shipping,Yes,Yes,46,Venmo,Every 3 Months
221,39,Male,Sneakers,57,Arizona,S,Indigo,Spring,3.7,Yes,Debit Card,Express,Yes,Yes,48,Debit Card,Fortnightly
3133,33,Female,Sweater,97,Michigan,M,Yellow,Summer,4.2,No,Cash,Express,No,No,26,Cash,Quarterly
27,38,Male,Jewelry,20,Nevada,M,Red,Spring,3.6,Yes,Cash,Next Day Air,Yes,Yes,13,Credit Card,Annually
1503,37,Male,Pants,66,Massachusetts,M,Black,Summer,3.2,No,PayPal,Store Pickup,Yes,Yes,20,Cash,Fortnightly
2572,45,Male,Sunglasses,27,Mississippi,L,Black,Winter,3.5,No,Credit Card,Standard,No,No,48,Cash,Fortnightly
3468,18,Female,Scarf,45,Texas,M,Charcoal,Fall,5,No,Bank Transfer,Next Day Air,No,No,5,Credit Card,Annually
206,67,Male,Shirt,64,Hawaii,M,Silver,Winter,3,Yes,Bank Transfer,Standard,Yes,Yes,25,PayPal,Weekly
215,24,Male,Jacket,50,Hawaii,L,Blue,Summer,4.2,Yes,Cash,Next Day Air,Yes,Yes,41,Cash,Every 3 Months
528,21,Male,T-shirt,23,South Carolina,L,Yellow,Winter,4.3,Yes,Bank Transfer,Next Day Air,Yes,Yes,47,Bank Transfer,Every 3 Months
3708,35,Female,Gloves,79,Illinois,M,Gold,Fall,3.4,No,Bank Transfer,2-Day Shipping,No,No,19,Venmo,Weekly
3181,18,Female,Handbag,88,Montana,L,Turquoise,Fall,3.8,No,Cash,Standard,No,No,46,PayPal,Weekly
34,54,Male,Pants,38,Colorado,L,Green,Summer,3.3,Yes,Venmo,Store Pickup,Yes,Yes,45,Cash,Quarterly
3495,62,Female,Scarf,38,Washington,M,Silver,Winter,3.5,No,Credit Card,Free Shipping,No,No,41,PayPal,Quarterly
756,66,Male,Coat,24,Florida,M,Violet,Spring,3.3,Yes,Venmo,Free Shipping,Yes,Yes,22,PayPal,Weekly
1815,32,Male,Jeans,92,Montana,M,White,Summer,3.8,No,Debit Card,Free Shipping,No,No,24,Cash,Quarterly
472,55,Male,Scarf,72,Missouri,XL,White,Winter,4.9,Yes,Credit Card,2-Day Shipping,Yes,Yes,36,Bank Transfer,Quarterly
804,32,Male,Shorts,38,Connecticut,L,Silver,Winter,2.8,Yes,Credit Card,Express,Yes,Yes,30,Venmo,Every 3 Months
2820,67,Female,Shirt,27,Georgia,L,Lavender,Spring,3,No,Credit Card,Free Shipping,No,No,19,Cash,Monthly
3463,44,Female,Jeans,73,Michigan,L,Olive,Spring,4.5,No,Bank Transfer,Standard,No,No,34,Credit Card,Every 3 Months
545,34,Male,Sandals,64,Washington,S,Yellow,Summer,3.3,Yes,Cash,Standard,Yes,Yes,30,Bank Transfer,Every 3 Months
2500,52,Male,Hoodie,73,Louisiana,L,Pink,Summer,3.1,No,Debit Card,Next Day Air,No,No,2,Cash,Quarterly
3753,24,Female,Coat,81,Washington,L,Pink,Winter,4.1,No,Debit Card,2-Day Shipping,No,No,43,Venmo,Weekly
2523,20,Male,Belt,53,Massachusetts,S,Olive,Winter,2.5,No,Cash,2-Day Shipping,No,No,20,Debit Card,Weekly
416,67,Male,Coat,31,Connecticut,M,Lavender,Winter,2.6,Yes,Venmo,Express,Yes,Yes,40,Bank Transfer,Monthly
3546,48,Female,Sandals,28,Connecticut,M,Yellow,Spring,3.7,No,Venmo,2-Day Shipping,No,No,22,Debit Card,Annually
2868,21,Female,Sneakers,55,Colorado,L,White,Summer,4.9,No,Venmo,Next Day Air,No,No,33,Cash,Fortnightly
1594,61,Male,Dress,95,Maryland,M,Black,Spring,4.9,No,PayPal,2-Day Shipping,Yes,Yes,25,Bank Transfer,Monthly
3614,58,Female,Hat,27,Minnesota,M,Magenta,Fall,3.5,No,Cash,Store Pickup,No,No,40,Venmo,Annually
1056,70,Male,Jacket,27,Massachusetts,M,Orange,Spring,3.3,No,PayPal,Next Day Air,Yes,Yes,24,Debit Card,Annually
2415,26,Male,Socks,26,Virginia,M,Lavender,Summer,3.7,No,PayPal,Next Day Air,No,No,14,Credit Card,Bi-Weekly
1564,68,Male,Pants,44,Kansas,M,Teal,Fall,4.3,No,Credit Card,Next Day Air,Yes,Yes,8,Cash,Weekly
415,29,Male,Backpack,88,Wyoming,L,Violet,Winter,2.6,Yes,Bank Transfer,Store Pickup,Yes,Yes,30,Debit Card,Weekly
556,63,Male,Gloves,57,Maine,M,White,Fall,4.8,Yes,Bank Transfer,Express,Yes,Yes,37,Venmo,Annually
2508,58,Male,Shoes,36,Louisiana,M,Cyan,Fall,2.9,No,PayPal,Store Pickup,No,No,32,Credit Card,Every 3 Months
890,59,Male,Belt,84,Arizona,S,Olive,Fall,2.8,Yes,Venmo,Free Shipping,Yes,Yes,50,Venmo,Weekly
568,21,Male,Blouse,50,New Hampshire,S,Red,Winter,3,Yes,Venmo,Next Day Air,Yes,Yes,24,Venmo,Fortnightly
3034,22,Female,Sweater,56,Alabama,L,Orange,Spring,2.6,No,PayPal,Store Pickup,No,No,9,PayPal,Weekly
2317,28,Male,Sneakers,39,Montana,L,Yellow,Winter,3.8,No,Credit Card,Standard,No,No,7,Debit Card,Annually
2556,24,Male,Pants,74,Idaho,M,Gray,Fall,3.5,No,PayPal,Standard,No,No,23,Credit Card,Weekly
3786,64,Female,Jeans,94,New Hampshire,L,Lavender,Winter,3.8,No,Debit Card,Standard,No,No,6,Cash,Monthly
1114,28,Male,Sunglasses,80,Maryland,M,Purple,Summer,4.8,No,Cash,Next Day Air,Yes,Yes,11,PayPal,Bi-Weekly
2975,57,Female,Sneakers,99,Tennessee,XL,Peach,Summer,4.1,No,Cash,Store Pickup,No,No,34,Credit Card,Weekly
2214,54,Male,Hat,94,Hawaii,M,Maroon,Fall,2.9,No,Credit Card,Express,No,No,18,Debit Card,Quarterly
3433,36,Female,Boots,44,Connecticut,M,Gray,Summer,4.8,No,Credit Card,2-Day Shipping,No,No,46,PayPal,Every 3 Months
257,58,Male,Jewelry,30,South Dakota,XL,Violet,Spring,4.7,Yes,Venmo,Express,Yes,Yes,20,Credit Card,Every 3 Months
3419,53,Female,Jacket,30,South Carolina,M,Beige,Summer,2.8,No,Cash,Free Shipping,No,No,35,Debit Card,Annually
1363,41,Male,Coat,46,Colorado,M,Gray,Fall,4.3,No,Cash,Express,Yes,Yes,29,Cash,Weekly
2020,31,Male,Shirt,68,Idaho,S,Red,Winter,4.7,No,PayPal,Store Pickup,No,No,23,Cash,Fortnightly
1007,21,Male,Pants,83,Michigan,S,Lavender,Summer,4.5,Yes,Credit Card,Next Day Air,Yes,Yes,50,Venmo,Quarterly
3717,57,Female,Shirt,53,Vermont,M,Charcoal,Fall,3.4,No,Bank Transfer,Next Day Air,No,No,42,Debit Card,Every 3 Months
788,53,Male,Handbag,85,Michigan,S,Green,Spring,3.7,Yes,Bank Transfer,Free Shipping,Yes,Yes,25,Venmo,Weekly
1627,32,Male,Sneakers,35,Nevada,L,Orange,Summer,2.6,No,Bank Transfer,Next Day Air,Yes,Yes,45,Credit Card,Bi-Weekly
2489,56,Male,Handbag,82,New Hampshire,XL,Charcoal,Summer,4.4,No,Credit Card,Express,No,No,30,PayPal,Monthly
1948,59,Male,Shirt,32,New York,M,Gray,Summer,2.6,No,Debit Card,Store Pickup,No,No,2,PayPal,Monthly
2177,24,Male,Belt,91,Vermont,S,Red,Winter,3.4,No,Venmo,2-Day Shipping,No,No,44,Debit Card,Quarterly
2860,31,Female,Shorts,32,Utah,L,Yellow,Fall,3.4,No,Venmo,Express,No,No,29,Bank Transfer,Annually
1499,59,Male,Sweater,32,Illinois,M,Teal,Summer,3.1,No,PayPal,Standard,Yes,Yes,46,Venmo,Fortnightly
2822,35,Female,Shoes,72,Georgia,L,Olive,Summer,4.5,No,Credit Card,Standard,No,No,37,Venmo,Monthly
135,43,Male,Hat,94,Texas,L,Gray,Fall,4.9,Yes,Credit Card,Store Pickup,Yes,Yes,25,Cash,Monthly
2916,26,Female,Shirt,30,Oregon,M,Cyan,Fall,4.5,No,Credit Card,Express,No,No,39,Debit Card,Bi-Weekly
677,28,Male,Pants,60,Connecticut,M,Peach,Winter,2.9,Yes,Debit Card,2-Day Shipping,Yes,Yes,38,Venmo,Bi-Weekly
2619,70,Male,Handbag,77,Louisiana,L,Brown,Fall,4.1,No,Credit Card,Express,No,No,12,Venmo,Monthly
264,27,Male,Shorts,46,Iowa,M,Purple,Summer,4.3,Yes,Credit Card,Store Pickup,Yes,Yes,29,Venmo,Monthly
658,48,Male,Jacket,80,Arizona,M,White,Winter,4.3,Yes,PayPal,Free Shipping,Yes,Yes,6,PayPal,Quarterly
2155,46,Male,Scarf,74,Wyoming,M,Violet,Spring,3.4,No,Debit Card,Store Pickup,No,No,33,Cash,Every 3 Months
2727,33,Female,Belt,92,Michigan,L,Blue,Winter,3.3,No,Debit Card,Free Shipping,No,No,11,PayPal,Bi-Weekly
2580,65,Male,Blouse,20,Minnesota,M,Purple,Summer,3.7,No,Venmo,Express,No,No,40,Venmo,Weekly
706,25,Male,Pants,90,Arkansas,XL,Indigo,Summer,4.5,Yes,PayPal,Free Shipping,Yes,Yes,49,Cash,Quarterly
3077,66,Female,Handbag,46,New Hampshire,M,Blue,Summer,3.6,No,Credit Card,Express,No,No,13,Venmo,Bi-Weekly
1645,68,Male,Coat,90,North Carolina,S,Beige,Summer,3.9,No,PayPal,Next Day Air,Yes,Yes,21,Debit Card,Monthly
403,31,Male,Backpack,78,California,L,Cyan,Fall,3,Yes,PayPal,Express,Yes,Yes,26,PayPal,Monthly
1558,27,Male,Backpack,34,South Dakota,L,Magenta,Fall,3.5,No,PayPal,Next Day Air,Yes,Yes,34,PayPal,Quarterly
1851,51,Male,Gloves,76,Wyoming,S,Black,Winter,2.8,No,Credit Card,Store Pickup,No,No,50,Debit Card,Weekly
3767,62,Female,Handbag,59,Texas,M,Black,Fall,4.9,No,Cash,Next Day Air,No,No,43,Debit Card,Annually
3441,45,Female,Handbag,63,Maryland,L,Magenta,Fall,4.3,No,Credit Card,2-Day Shipping,No,No,2,PayPal,Weekly
462,18,Male,Boots,93,Ohio,M,Yellow,Winter,3.9,Yes,Cash,Express,Yes,Yes,20,Venmo,Weekly
1753,34,Male,Boots,29,South Dakota,L,Blue,Winter,3.3,No,Debit Card,Store Pickup,No,No,14,Venmo,Quarterly
2288,66,Male,Blouse,45,Nebraska,L,Green,Summer,3,No,PayPal,Store Pickup,No,No,6,Debit Card,Annually
171,52,Male,Shirt,25,Wyoming,M,Maroon,Fall,2.6,Yes,Venmo,Store Pickup,Yes,Yes,46,Venmo,Bi-Weekly
1321,56,Male,Hat,31,California,XL,Teal,Fall,3.1,No,PayPal,Free Shipping,Yes,Yes,19,Debit Card,Annually
2367,30,Male,Shoes,66,New Mexico,L,Brown,Winter,3.6,No,PayPal,Express,No,No,32,Credit Card,Fortnightly
2855,36,Female,Sandals,28,Delaware,M,Beige,Fall,2.7,No,Debit Card,Store Pickup,No,No,25,Venmo,Monthly
1508,66,Male,Dress,86,Pennsylvania,S,Maroon,Winter,3.7,No,Bank Transfer,2-Day Shipping,Yes,Yes,7,Venmo,Annually
2647,33,Male,T-shirt,56,New Mexico,S,Lavender,Summer,3.9,No,Cash,Next Day Air,No,No,4,Debit Card,Every 3 Months
189,50,Male,Hoodie,53,Arkansas,M,Pink,Spring,3.1,Yes,Credit Card,Express,Yes,Yes,5,Bank Transfer,Bi-Weekly
13,61,Male,Coat,72,Delaware,M,Gold,Winter,4.5,Yes,PayPal,Express,Yes,Yes,37,Venmo,Fortnightly
3857,39,Female,Sandals,78,Virginia,S,Brown,Summer,2.5,No,PayPal,Free Shipping,No,No,8,Debit Card,Quarterly
3605,63,Female,Hoodie,86,Louisiana,M,Orange,Fall,3.3,No,Bank Transfer,Standard,No,No,17,Debit Card,Annually
352,28,Male,Skirt,90,New York,M,Teal,Winter,3.9,Yes,Cash,Standard,Yes,Yes,24,Debit Card,Bi-Weekly
2771,50,Female,Boots,44,Nebraska,S,Blue,Fall,3.3,No,PayPal,Express,No,No,22,Bank Transfer,Quarterly
3423,19,Female,Coat,91,New York,L,Beige,Winter,3.2,No,Credit Card,Next Day Air,No,No,9,Venmo,Monthly
2890,64,Female,Sunglasses,43,Minnesota,M,Charcoal,Fall,3.3,No,Credit Card,Store Pickup,No,No,21,Venmo,Annually
1271,67,Male,Hoodie,98,West Virginia,M,Green,Fall,3.3,No,Cash,Standard,Yes,Yes,20,Cash,Annually
458,25,Male,Gloves,99,Rhode Island,M,Blue,Spring,4.9,Yes,Credit Card,Next Day Air,Yes,Yes,48,Debit Card,Every 3 Months
239,64,Male,Skirt,34,Ohio,M,Peach,Fall,4.2,Yes,Debit Card,Free Shipping,Yes,Yes,5,Cash,Annually
175,41,Male,Shoes,35,Vermont,L,Brown,Winter,3.5,Yes,Venmo,Express,Yes,Yes,37,Venmo,Annually
3043,53,Female,Coat,27,South Dakota,L,Turquoise,Winter,2.9,No,Credit Card,Next Day Air,No,No,14,PayPal,Every 3 Months
1510,20,Male,Dress,54,New Hampshire,XL,White,Summer,4.6,No,Credit Card,Free Shipping,Yes,Yes,44,Debit Card,Annually
2685,46,Female,Dress,45,Washington,M,Gray,Summer,4.7,No,Venmo,Free Shipping,No,No,42,Credit Card,Bi-Weekly
1201,27,Male,Coat,22,Connecticut,XL,Black,Winter,4.4,No,Bank Transfer,Store Pickup,Yes,Yes,7,PayPal,Weekly
3642,51,Female,Jacket,45,New York,M,Cyan,Fall,2.7,No,Debit Card,Free Shipping,No,No,39,Bank Transfer,Every 3 Months
3225,37,Female,Hoodie,80,Delaware,L,Indigo,Winter,2.7,No,Cash,Free Shipping,No,No,18,PayPal,Monthly
2507,57,Male,Dress,82,New York,XL,Orange,Spring,4.4,No,Debit Card,Free Shipping,No,No,19,Venmo,Annually
3209,61,Female,Jewelry,30,Indiana,L,Indigo,Winter,3.3,No,PayPal,2-Day Shipping,No,No,42,PayPal,Weekly
2230,70,Male,Pants,97,Minnesota,M,Silver,Fall,3.9,No,Bank Transfer,Express,No,No,50,Venmo,Monthly
3659,28,Female,T-shirt,72,Mississippi,M,Magenta,Fall,4.6,No,Cash,Standard,No,No,18,PayPal,Fortnightly
1462,54,Male,Sunglasses,95,Oregon,S,Red,Summer,5,No,PayPal,2-Day Shipping,Yes,Yes,42,Venmo,Quarterly
228,50,Male,Jeans,90,Rhode Island,M,Turquoise,Winter,4.2,Yes,Venmo,Standard,Yes,Yes,25,Venmo,Fortnightly
606,40,Male,Hat,32,California,XL,Charcoal,Winter,4.2,Yes,Debit Card,Standard,Yes,Yes,17,Bank Transfer,Weekly
2478,25,Male,Gloves,40,California,L,Turquoise,Spring,3.8,No,Debit Card,2-Day Shipping,No,No,29,PayPal,Weekly
3740,38,Female,Sunglasses,31,Idaho,M,Olive,Fall,4.2,No,Bank Transfer,Free Shipping,No,No,43,Credit Card,Weekly
1698,36,Male,Shirt,87,South Carolina,L,Lavender,Fall,3.5,No,Venmo,Next Day Air,No,No,48,Credit Card,Every 3 Months
1801,22,Male,Coat,58,Mississippi,XL,Indigo,Winter,2.7,No,Cash,Express,No,No,30,Credit Card,Weekly
3858,42,Female,Hat,21,Texas,S,Yellow,Summer,3.1,No,Debit Card,Store Pickup,No,No,29,Credit Card,Every 3 Months
2988,63,Female,Skirt,36,Louisiana,L,Black,Winter,2.5,No,Debit Card,Store Pickup,No,No,42,Cash,Monthly
2828,20,Female,Blouse,96,Wisconsin,M,Magenta,Fall,3.1,No,Credit Card,Next Day Air,No,No,11,Bank Transfer,Bi-Weekly
2293,43,Male,T-shirt,34,Vermont,S,Beige,Spring,3.8,No,Debit Card,Next Day Air,No,No,31,Debit Card,Monthly
1878,69,Male,Gloves,62,Pennsylvania,L,Pink,Fall,3.6,No,Cash,Express,No,No,3,Credit Card,Annually
70,48,Male,Belt,70,Tennessee,S,Cyan,Summer,4.4,Yes,Credit Card,Express,Yes,Yes,5,Cash,Weekly
1451,25,Male,Dress,44,Illinois,S,Teal,Winter,3.4,No,PayPal,Free Shipping,Yes,Yes,25,Cash,Quarterly
46,50,Male,Socks,21,Tennessee,XL,Indigo,Fall,2.9,Yes,Venmo,2-Day Shipping,Yes,Yes,25,PayPal,Annually
3408,46,Female,Dress,46,Alabama,S,Purple,Spring,2.6,No,Bank Transfer,Store Pickup,No,No,20,Cash,Quarterly
184,58,Male,Skirt,29,Ohio,XL,Beige,Spring,3.6,Yes,Bank Transfer,2-Day Shipping,Yes,Yes,26,Credit Card,Weekly
464,37,Male,Jewelry,81,Georgia,S,Orange,Summer,2.7,Yes,Venmo,Standard,Yes,Yes,29,Venmo,Weekly
1868,45,Male,Skirt,52,Delaware,M,Brown,Fall,3.4,No,Debit Card,2-Day Shipping,No,No,20,Venmo,Quarterly
2595,59,Male,Skirt,81,Montana,L,Indigo,Fall,3.6,No,Credit Card,Free Shipping,No,No,25,Cash,Every 3 Months
1345,56,Male,T-shirt,37,New York,S,Violet,Fall,4.9,No,Credit Card,Next Day Air,Yes,Yes,14,Cash,Annually
140,49,Male,Coat,95,Florida,M,White,Fall,3.8,Yes,Debit Card,Store Pickup,Yes,Yes,30,Venmo,Annually
1830,30,Male,Hat,96,Oregon,M,White,Spring,4.9,No,Venmo,2-Day Shipping,No,No,50,Credit Card,Quarterly
1613,18,Male,Skirt,68,Wisconsin,M,Indigo,Summer,4.4,No,Bank Transfer,Standard,Yes,Yes,26,Venmo,Monthly
310,66,Male,Dress,22,Minnesota,M,Yellow,Spring,4.5,Yes,Bank Transfer,Standard,Yes,Yes,21,Cash,Fortnightly
267,51,Male,Jewelry,75,Louisiana,L,White,Summer,3.1,Yes,Cash,Express,Yes,Yes,32,Credit Card,Weekly
1939,46,Male,Jeans,23,Kentucky,L,Blue,Spring,3.8,No,Bank Transfer,Standard,No,No,39,Debit Card,Bi-Weekly
2113,43,Male,Belt,68,Tennessee,M,Lavender,Fall,4.5,No,Credit Card,2-Day Shipping,No,No,7,Cash,Fortnightly
3768,59,Female,Shorts,51,New York,XL,Black,Summer,3.1,No,Venmo,Free Shipping,No,No,10,Bank Transfer,Fortnightly
2922,20,Female,Handbag,24,Wisconsin,M,Cyan,Fall,4.6,No,Venmo,Standard,No,No,11,Cash,Fortnightly
2510,19,Male,Socks,48,Washington,M,Black,Spring,4.4,No,PayPal,Free Shipping,No,No,9,Bank Transfer,Quarterly
3451,20,Female,Shorts,78,Vermont,M,Pink,Spring,3.6,No,PayPal,Store Pickup,No,No,31,PayPal,Monthly
1279,28,Male,Shorts,98,Utah,M,Violet,Fall,2.8,No,Credit Card,Next Day Air,Yes,Yes,31,Venmo,Fortnightly
145,19,Male,Shoes,43,New Jersey,M,Silver,Fall,3.2,Yes,Credit Card,Express,Yes,Yes,25,Cash,Monthly
3373,56,Female,Socks,25,Pennsylvania,M,Maroon,Winter,4.6,No,Credit Card,Free Shipping,No,No,14,Credit Card,Every 3 Months
721,33,Male,Jewelry,62,New Mexico,L,Orange,Fall,3.4,Yes,Bank Transfer,Free Shipping,Yes,Yes,19,Debit Card,Weekly
1704,39,Male,Backpack,22,California,M,Black,Spring,4,No,Venmo,Next Day Air,No,No,12,Bank Transfer,Annually
2673,56,Female,Boots,28,West Virginia,M,Maroon,Spring,2.9,No,Debit Card,Standard,No,No,13,Cash,Annually
3044,45,Female,Belt,98,Illinois,S,Peach,Fall,2.6,No,Debit Card,Store Pickup,No,No,17,Credit Card,Monthly
1826,23,Male,Boots,75,South Dakota,M,Pink,Winter,4.9,No,Bank Transfer,Next Day Air,No,No,41,Credit Card,Weekly
2119,60,Male,Socks,44,Georgia,M,Olive,Fall,4.2,No,Bank Transfer,2-Day Shipping,No,No,28,Debit Card,Quarterly
1614,26,Male,Jewelry,31,Illinois,S,Black,Summer,4,No,Credit Card,Next Day Air,Yes,Yes,6,Credit Card,Fortnightly
2955,33,Female,T-shirt,28,South Dakota,M,Indigo,Winter,3.9,No,PayPal,Express,No,No,15,Credit Card,Annually
1951,43,Male,Backpack,78,Arkansas,L,Blue,Summer,4.6,No,Cash,Free Shipping,No,No,26,PayPal,Every 3 Months
1879,34,Male,Socks,29,Oklahoma,L,Magenta,Summer,3.4,No,Credit Card,Store Pickup,No,No,5,Credit Card,Monthly
3136,68,Female,Shoes,85,Indiana,L,Yellow,Spring,4.7,No,Bank Transfer,Free Shipping,No,No,48,Venmo,Fortnightly
252,21,Male,Handbag,51,Wyoming,XL,Gold,Winter,2.5,Yes,PayPal,Standard,Yes,Yes,34,PayPal,Annually
3528,25,Female,Blouse,97,Washington,S,Charcoal,Spring,4.7,No,Cash,Free Shipping,No,No,1,Cash,Weekly
1808,34,Male,Sneakers,46,Vermont,L,Gold,Summer,3.5,No,PayPal,Standard,No,No,37,Venmo,Fortnightly
